clientId,cluster,jobName,cronExpression,serverTimezone,firesInWindowIst,fireTimeServer,fireTimeUtc,willRetryToday,command
"ODP41","CL15","ODP41 - MonitorHRCI","30 02 * * *","America/New_York","2026-07-24 12:00:00","2026-07-24 02:30:00","2026-07-24T06:30:00.000Z","No","/mount/RWS4/batch_jobs/scripts/MonitorHRCI.sh > /dev/null 2>&1"
"AZO","CL17","AZO - Monitoring RWS Processes [EXTRACTS_CHECK COSTSEGMENT Y]","40 02 * * *","America/New_York","2026-07-24 12:10:00","2026-07-24 02:40:00","2026-07-24T06:40:00.000Z","No","/mount/RWS4/batch_jobs/WAPM/scripts/Monitoring_RWS_Processes.sh EXTRACTS_CHECK COSTSEGMENT Y"
"AZO","CL17","AZO - Monitoring RWS Processes [EXTRACTS_CHECK AVLREQ Y]","00 03 * * *","America/New_York","2026-07-24 12:30:00","2026-07-24 03:00:00","2026-07-24T07:00:00.000Z","No","/mount/RWS4/batch_jobs/WAPM/scripts/Monitoring_RWS_Processes.sh EXTRACTS_CHECK AVLREQ Y"
"AZO","CL17","AZO - Monitoring RWS Processes [EXTRACTS_CHECK EMPDET Y]","00 03 * * *","America/New_York","2026-07-24 12:30:00","2026-07-24 03:00:00","2026-07-24T07:00:00.000Z","No","/mount/RWS4/batch_jobs/WAPM/scripts/Monitoring_RWS_Processes.sh EXTRACTS_CHECK EMPDET Y"
"AZO","CL17","AZO - Monitoring RWS Processes [EXTRACTS_CHECK EMPSFTDET Y]","00 03 * * *","America/New_York","2026-07-24 12:30:00","2026-07-24 03:00:00","2026-07-24T07:00:00.000Z","No","/mount/RWS4/batch_jobs/WAPM/scripts/Monitoring_RWS_Processes.sh EXTRACTS_CHECK EMPSFTDET Y"
"AZO","CL17","AZO - Monitoring RWS Processes [EXTRACTS_CHECK MGRTMPL Y]","00 03 * * *","America/New_York","2026-07-24 12:30:00","2026-07-24 03:00:00","2026-07-24T07:00:00.000Z","No","/mount/RWS4/batch_jobs/WAPM/scripts/Monitoring_RWS_Processes.sh EXTRACTS_CHECK MGRTMPL Y"
"AZO","CL17","AZO - Monitoring RWS Processes [EXTRACTS_CHECK SCHALRT Y]","00 03 * * *","America/New_York","2026-07-24 12:30:00","2026-07-24 03:00:00","2026-07-24T07:00:00.000Z","No","/mount/RWS4/batch_jobs/WAPM/scripts/Monitoring_RWS_Processes.sh EXTRACTS_CHECK SCHALRT Y"
"AZO","CL17","AZO - Monitoring RWS Processes [EXTRACTS_CHECK SFTACTDET Y]","00 03 * * *","America/New_York","2026-07-24 12:30:00","2026-07-24 03:00:00","2026-07-24T07:00:00.000Z","No","/mount/RWS4/batch_jobs/WAPM/scripts/Monitoring_RWS_Processes.sh EXTRACTS_CHECK SFTACTDET Y"
"BCOP","CL19","BCOP - cleanup","0 3 * * *","America/New_York","2026-07-24 12:30:00","2026-07-24 03:00:00","2026-07-24T07:00:00.000Z","No","/mount/RWS4/batch_jobs/scripts/cleanup.sh >> /mount/RWS4/batch_jobs/log/cleanup.log 2>&1"
"BLK","CL12","BLK - cleanup [BELK]","0 3 * * *","America/New_York","2026-07-24 12:30:00","2026-07-24 03:00:00","2026-07-24T07:00:00.000Z","No","/mount/RWS4/batch_jobs/scripts/cleanup.sh BELK >> /mount/RWS4/batch_jobs/log/cleanup.log 2>&1"
"BOB","CL17","BOB - cleanup [BOB]","0 3 * * *","America/New_York","2026-07-24 12:30:00","2026-07-24 03:00:00","2026-07-24T07:00:00.000Z","No","/mount/RWS4/batch_jobs/scripts/cleanup.sh BOB >> /mount/RWS4/batch_jobs/log/cleanup.log 2>&1"
"BSI","CL09","BSI - cleanup","0 3 * * *","America/New_York","2026-07-24 12:30:00","2026-07-24 03:00:00","2026-07-24T07:00:00.000Z","No","/mount/RWS4/batch_jobs/scripts/cleanup.sh >> /mount/RWS4/batch_jobs/log/cleanup.log 2>&1"
"COP","CL12","COP - cleanup","0 3 * * *","America/New_York","2026-07-24 12:30:00","2026-07-24 03:00:00","2026-07-24T07:00:00.000Z","No","/mount/RWS4/batch_jobs/scripts/cleanup.sh >> /mount/RWS4/batch_jobs/log/cleanup.log 2>&1"
"DST","CL09","DST - cleanup","0 3 * * *","America/New_York","2026-07-24 12:30:00","2026-07-24 03:00:00","2026-07-24T07:00:00.000Z","No","/mount/RWS4/batch_jobs/scripts/cleanup.sh >> /mount/RWS4/batch_jobs/log/cleanup.log 2>&1"
"INSP","CL03","INSP - workflow [publish 3]","0 3 * * 5","America/New_York","2026-07-24 12:30:00","2026-07-24 03:00:00","2026-07-24T07:00:00.000Z","No","/mount/RWS4/batch_jobs/scripts/workflow.sh publish 3 >> /mount/RWS4/batch_jobs/log/publish.log 2>&1"
"ODP41","CL15","ODP41 - cleanup (0 3 * * *)","0 3 * * *","America/New_York","2026-07-24 12:30:00","2026-07-24 03:00:00","2026-07-24T07:00:00.000Z","No","/mount/RWS4/batch_jobs/scripts/cleanup.sh >> /mount/RWS4/batch_jobs/log/cleanup.log 2>&1"
"PSA","CL19","PSA - cleanup [PBST]","0 3 * * *","America/New_York","2026-07-24 12:30:00","2026-07-24 03:00:00","2026-07-24T07:00:00.000Z","No","/mount/RWS4/batch_jobs/scripts/cleanup.sh PBST >> /mount/RWS4/batch_jobs/log/cleanup.log 2>&1"
"QCK","CL01","QCK - cleanup","0 3 * * *","America/New_York","2026-07-24 12:30:00","2026-07-24 03:00:00","2026-07-24T07:00:00.000Z","No","/mount/RWS4/batch_jobs/scripts/cleanup.sh >> /mount/RWS4/batch_jobs/log/cleanup.log 2>&1"
"RRS","CL09","RRS - workflow [workload 5 'PILOT_STORE_GROUP' RACKROOM]","0 3 * * 5","America/New_York","2026-07-24 12:30:00","2026-07-24 03:00:00","2026-07-24T07:00:00.000Z","No","/mount/RWS4/batch_jobs/scripts/workflow.sh workload 5 'PILOT_STORE_GROUP' RACKROOM >> /mount/RWS4/ba"
"SBH","CL12","SBH - cleanup [SB]","0 3 * * *","America/New_York","2026-07-24 12:30:00","2026-07-24 03:00:00","2026-07-24T07:00:00.000Z","No","/mount/RWS4/batch_jobs/scripts/cleanup.sh SB >> /mount/RWS4/batch_jobs/log/cleanup.log 2>&1"
"SBH","CL12","SBH - download [SB]","0 3 * * *","America/New_York","2026-07-24 12:30:00","2026-07-24 03:00:00","2026-07-24T07:00:00.000Z","No","/mount/RWS4/batch_jobs/scripts/download.sh SB >> /mount/RWS4/batch_jobs/log/dataimports.log 2>&1"
"SSN","CL17","SSN - cleanup [SSI]","0 3 * * *","America/New_York","2026-07-24 12:30:00","2026-07-24 03:00:00","2026-07-24T07:00:00.000Z","No","/mount/RWS4/batch_jobs/scripts/cleanup.sh SSI >> /mount/RWS4/batch_jobs/log/cleanup.log 2>&1"
"SSN","CL17","SSN - download [SSI]","0 3 * * *","America/New_York","2026-07-24 12:30:00","2026-07-24 03:00:00","2026-07-24T07:00:00.000Z","No","/mount/RWS4/batch_jobs/scripts/download.sh SSI >> /mount/RWS4/batch_jobs/log/dataimports.log 2>&1"
"TAG","CL03","TAG - TAGCustomWorkflow [schedule ""Aspen_Dental_Rollout""]","0 3 * * *","America/New_York","2026-07-24 12:30:00","2026-07-24 03:00:00","2026-07-24T07:00:00.000Z","No","/mount/RWS4/batch_jobs/scripts/TAGCustomWorkflow.sh schedule ""Aspen_Dental_Rollout"" >> /mount/RWS4/b"
"TSC","CL14","TSC - cleanup","0 3 * * *","America/New_York","2026-07-24 12:30:00","2026-07-24 03:00:00","2026-07-24T07:00:00.000Z","No","/mount/RWS4/batch_jobs/scripts/cleanup.sh >> /mount/RWS4/batch_jobs/log/cleanup.log 2>&1"
"WAW","CL01","WAW - cleanup [WAWA]","0 3 * * *","America/New_York","2026-07-24 12:30:00","2026-07-24 03:00:00","2026-07-24T07:00:00.000Z","No","/mount/RWS4/batch_jobs/scripts/cleanup.sh WAWA >> /mount/RWS4/batch_jobs/log/cleanup.log 2>&1"
"WAL","CL07","WAL - prepareEncFile","05 3 * * *","America/New_York","2026-07-24 12:35:00","2026-07-24 03:05:00","2026-07-24T07:05:00.000Z","No","/mount/RWS4/NXTR_EXTRACTS/wagdailyopt_withoutmeal/scripts/prepareEncFile.sh >/dev/null 2>&1"
"BOB","CL17","BOB - AppointmentBookingExtracts [BOB]","15 3 * * *","America/New_York","2026-07-24 12:45:00","2026-07-24 03:15:00","2026-07-24T07:15:00.000Z","No","/mount/RWS4/batch_jobs/scripts/AppointmentBookingExtracts.sh BOB >> /mount/RWS4/batch_jobs/log/Appoi"
"WAL","CL07","WAL - file transfer","15 3 * * *","America/New_York","2026-07-24 12:45:00","2026-07-24 03:15:00","2026-07-24T07:15:00.000Z","No","/mount/RWS4/NXTR_EXTRACTS/wagdailyopt_withoutmeal/scripts/file_transfer.sh >/dev/null 2>&1"
"AAP","CL12","AAP - CognosIgniteTimeclockCustomencryptExtracts","25 3 * * *","America/New_York","2026-07-24 12:55:00","2026-07-24 03:25:00","2026-07-24T07:25:00.000Z","No","/mount/RWS4/batch_jobs/scripts/CognosIgniteTimeclockCustomencryptExtracts.sh >> /mount/RWS4/batch_jo"
"AAP","CL12","AAP - CognosVdperioldloadExtracts","28 3 * * *","America/New_York","2026-07-24 12:58:00","2026-07-24 03:28:00","2026-07-24T07:28:00.000Z","No","/mount/RWS4/batch_jobs/scripts/CognosVdperioldloadExtracts.sh >> /mount/RWS4/batch_jobs/log/CognosVd"
"ELROSA","CL03","ELROSA - LibreQuitadoRPAExtracts [ELROSADO]","30 03 * * *","America/New_York","2026-07-24 13:00:00","2026-07-24 03:30:00","2026-07-24T07:30:00.000Z","No","/mount/RWS4/batch_jobs/scripts/LibreQuitadoRPAExtracts.sh ELROSADO >> /mount/RWS4/batch_jobs/log/Lib"
"JLP","CL52","JLP - workflow [HRLeaveRequestImport 0 0 JLP]","30 8 * * *","Europe/London","2026-07-24 13:00:00","2026-07-24 08:30:00","2026-07-24T07:30:00.000Z","No","/mount/RWS4/batch_jobs/scripts/workflow.sh HRLeaveRequestImport 0 0 JLP >> /mount/RWS4/batch_jobs/lo"
"TLB","CL12","TLB - CognosCustomencryptExtracts","30 3 * * *","America/New_York","2026-07-24 13:00:00","2026-07-24 03:30:00","2026-07-24T07:30:00.000Z","No","/mount/RWS4/batch_jobs/scripts/CognosCustomencryptExtracts.sh >>/mount/RWS4/batch_jobs/log/CognosCus"
"AAP","CL12","AAP - encryptDailyUserload","40 3 * * *","America/New_York","2026-07-24 13:10:00","2026-07-24 03:40:00","2026-07-24T07:40:00.000Z","No","/mount/RWS4/batch_jobs/scripts/encryptDailyUserload.sh >> /mount/RWS4/batch_jobs/log/encryptDailyUse"
"CVSH","CL20","CVSH - CognosDailyScheduleExtractsStatus [CVS]","45 3 * * *","America/New_York","2026-07-24 13:15:00","2026-07-24 03:45:00","2026-07-24T07:45:00.000Z","No","/mount/RWS4/batch_jobs/scripts/CognosDailyScheduleExtractsStatus.sh CVS >> /mount/RWS4/batch_jobs/lo"
"ODP41","CL15","ODP41 - MonitorCognosExtract [""TaException_Reflexis_en_uc""]","50 03 * * *","America/New_York","2026-07-24 13:20:00","2026-07-24 03:50:00","2026-07-24T07:50:00.000Z","No","/mount/RWS4/batch_jobs/scripts/MonitorCognosExtract.sh ""TaException_Reflexis_en_uc"" >> /dev/null"
"BLK","CL12","BLK - Monitor HRAC [BELK]","0 4 * * *","America/New_York","2026-07-24 13:30:00","2026-07-24 04:00:00","2026-07-24T08:00:00.000Z","No","/mount/RWS4/batch_jobs/scripts/Monitor_HRAC.sh BELK >> /mount/RWS4/batch_jobs/logs/Monitor_HRAC_7.lo"
"BPANZ","CL15","BPANZ - cleanup [BP] (0 4 * * *)","0 4 * * *","America/New_York","2026-07-24 13:30:00","2026-07-24 04:00:00","2026-07-24T08:00:00.000Z","No","/mount/RWS4/batch_jobs/scripts/cleanup.sh BP >> /mount/RWS4/batch_jobs/log/cleanup.log 2>&1"
"BPANZ","CL15","BPANZ - workflow [workload 5 ""AU\%20Retail\%20Live\%20Sites"" BP]","00 04 * * 5","America/New_York","2026-07-24 13:30:00","2026-07-24 04:00:00","2026-07-24T08:00:00.000Z","No","/mount/RWS4/batch_jobs/scripts/workflow.sh workload 5 ""AU\%20Retail\%20Live\%20Sites"" BP >> /mount/R"
"BPANZ","CL15","BPANZ - workflow [workload 5 ""NZ\%20Logile\%20Sites"" BP]","00 04 * * 5","America/New_York","2026-07-24 13:30:00","2026-07-24 04:00:00","2026-07-24T08:00:00.000Z","No","/mount/RWS4/batch_jobs/scripts/workflow.sh workload 5 ""NZ\%20Logile\%20Sites"" BP >> /mount/RWS4/batc"
"BPANZ","CL15","BPANZ - workflow [workload_RW 4 ""AU\%20Retail\%20Live\%20Sites"" BP]","00 04 * * 5","America/New_York","2026-07-24 13:30:00","2026-07-24 04:00:00","2026-07-24T08:00:00.000Z","No","/mount/RWS4/batch_jobs/scripts/workflow.sh workload_RW 4 ""AU\%20Retail\%20Live\%20Sites"" BP >> /moun"
"BPG","CL78","BPG - workflow [workload_RW 5 ""NL\%20Live\%20Sites"" BP]","00 10 * * 5","Europe/Berlin","2026-07-24 13:30:00","2026-07-24 10:00:00","2026-07-24T08:00:00.000Z","No","/mount/RWS4/batch_jobs/scripts/workflow.sh workload_RW 5 ""NL\%20Live\%20Sites"" BP >> /mount/RWS4/bat"
"BPUS","CL26","BPUS - CopyUsCognosReporttoSFTP (00 04 * * *)","00 04 * * *","America/New_York","2026-07-24 13:30:00","2026-07-24 04:00:00","2026-07-24T08:00:00.000Z","No","/mount/RWS4/batch_jobs/scripts/CopyUsCognosReporttoSFTP.sh > /mount/RWS4/batch_jobs/log/CopyAbsenceR"
"SBH","CL12","SBH - GrossEarningsencryptExtracts [SB] (0 4 * * *)","0 4 * * *","America/New_York","2026-07-24 13:30:00","2026-07-24 04:00:00","2026-07-24T08:00:00.000Z","No","/mount/RWS4/batch_jobs/scripts/GrossEarningsencryptExtracts.sh SB >> /mount/RWS4/batch_jobs/log/Gros"
"WAW","CL01","WAW - encryptExtracts [WAWA]","0 4,15 * * *","America/New_York","2026-07-24 13:30:00","2026-07-24 04:00:00","2026-07-24T08:00:00.000Z","No","/mount/RWS4/batch_jobs/scripts/encryptExtracts.sh WAWA >> /mount/RWS4/batch_jobs/log/encryptExtracts"